Symbol,Name,Last Sale,Net Change,% Change,Market Cap,Country,IPO Year,Volume,Sector,Industry
AAMC,Altisource Asset Management Corp Com,$24.47,-0.53,-2.12%,40380688.00,United States,,561,Finance,Real Estate
AAU,Almaden Minerals Ltd. Common Shares,$0.90,-0.04,-4.255%,108493750.00,Canada,2015,4318669,Basic Industries,Precious Metals
ACU,Acme United Corporation. Common Stock,$33.7386,0.4136,1.241%,112650250.00,United States,1988,13376,Capital Goods,Industrial Machinery/Components
ACY,AeroCentury Corp. Common Stock,$10.74,-0.09,-0.831%,16602794.00,United States,,67820,Technology,Diversified Commercial Services
AE,Adams Resources & Energy Inc. Common Stock,$28.86,0.91,3.256%,122432316.00,United States,,5820,Energy,Oil Refining/Marketing
AEF,Aberdeen Emerging Markets Equity Income Fund Inc. Common Stock,$9.05,0.06,0.667%,459303591.00,United States,,37809,,
AGE,AgeX Therapeutics Inc. Common Stock,$2.32,-0.14,-5.691%,87443229.00,,2018,213994,Health Care,Major Pharmaceuticals
AIM,AIM ImmunoTech Inc. Common Stock,$2.69,-0.09,-3.237%,106766132.00,United States,,1768779,Health Care,Biotechnology: Biological Products (No Diagnostic Substances)
AINC,Ashford Inc. (Holding Company) Common Stock,$8.62,0.45,5.508%,22014808.00,United States,2014,23812,Consumer Services,Professional Services
AIRI,Air Industries Group Common Stock,$2.03,0.03,1.50%,64411403.00,United States,,2597744,Capital Goods,Military/Government/Technical
AMBO,Ambow Education Holding Ltd. American Depository Shares each representing two Class A ordinary shares,$3.21,-0.04,-1.231%,74521229.00,China,,665838,Consumer Services,Other Consumer Services
AMPE,Ampio Pharmaceuticals Inc.,$2.07,-0.28,-11.915%,383063850.00,United States,,6240167,Health Care,Major Pharmaceuticals
AMS,American Shared Hospital Services Common Stock,$2.8926,0.007,0.243%,16664269.00,United States,,110889,Health Care,Medical Specialities
ANVS,Annovis Bio Inc. Common Stock,$27.25,4.49,19.728%,188192233.00,United States,2020,588140,Health Care,Major Pharmaceuticals
APT,Alpha Pro Tech Ltd. Common Stock,$16.47,-0.43,-2.544%,223627107.00,Canada,,808235,Health Care,Industrial Specialties
ARMP,Armata Pharmaceuticals Inc. Common Stock,$6.22,0.05,0.81%,127860640.00,United States,,29138,Health Care,Biotechnology: Biological Products (No Diagnostic Substances)
ASM,Avino Silver & Gold Mines Ltd. Common Shares (Canada),$1.43,0.02,1.418%,128083215.00,Canada,,2968930,Basic Industries,Precious Metals
ATNM,Actinium Pharmaceuticals Inc. (Delaware) Common Stock,$9.27,-0.09,-0.962%,125947087.00,United States,,411094,Health Care,Major Pharmaceuticals
AUMN,Golden Minerals Company Common Stock,$0.9062,-0.0458,-4.811%,137300765.00,United States,,2581114,Basic Industries,Precious Metals
AWX,Avalon Holdings Corporation Common Stock,$4.3794,0.3894,9.759%,16972063.00,United States,,406573,Public Utilities,Environmental Services
AXU,Alexco Resource Corp Common Shares (Canada),$2.91,-0.02,-0.683%,406713071.00,Canada,,898708,Basic Industries,Precious Metals
BATL,Battalion Oil Corporation Common Stock,$12.18,0.98,8.75%,197364318.00,,,25826,Energy,Oil & Gas Production
BCV,Bancroft Fund Ltd.,$34.26,-0.59,-1.693%,182434192.00,United States,,43340,,
BCV^A,Bancroft Fund Limited 5.375% Series A Cumulative Preferred Shares,$25.78,-0.02,-0.078%,,United States,,2553,,
BDL,Flanigan's Enterprises Inc. Common Stock,$25.26,-1.24,-4.679%,46949423.00,United States,,1086,Consumer Services,Restaurants
BDR,Blonder Tongue Laboratories Inc. Common Stock,$1.92,-0.12,-5.882%,22258762.00,United States,,757969,Technology,Radio And Television Broadcasting And Communications Equipment
BGI,Birks Group Inc. Common Stock,$2.64,0.07,2.724%,47443126.00,Canada,,997640,Consumer Services,Consumer Specialties
BHB,Bar Harbor Bankshares Inc. Common Stock,$25.00,-0.24,-0.951%,373214125.00,United States,,32333,Finance,Major Banks
BIOX,Bioceres Crop Solutions Corp. Ordinary Shares,$8.27,-0.35,-4.06%,333494589.00,,2018,50581,Basic Industries,Agricultural Chemicals
BKTI,BK Technologies Corporation Common Stock,$4.19,0.00,0.00%,52425138.00,United States,,22002,Technology,Radio And Television Broadcasting And Communications Equipment
BMTX,BM Technologies Inc. Common Stock,$13.61,0.12,0.89%,166046110.00,,2018,71200,Finance,Major Banks
BRBS,Blue Ridge Bankshares Inc. Common Stock,$19.75,-0.15,-0.754%,243840413.00,,,22970,Finance,Major Banks
BRG,Bluerock Residential Growth REIT Inc. Class A Common Stock,$11.39,-0.28,-2.399%,271625109.00,,2014,277217,Consumer Services,Real Estate Investment Trusts
BRG^A,Bluerock Residential Growth REIT Inc. 8.250% Series A Cumulative Redeemable Preferred Stock ($0.01 par value per share),$25.305,-0.015,-0.059%,,,,2792,,
BRG^C,Bluerock Residential Growth REIT Inc. 7.625% Series C Cumulative Redeemable Preferred Stock,$25.59,-0.01,-0.039%,,,,933,,
BRG^D,Bluerock Residential Growth REIT Inc. 7.125% Series D Cumulative Preferred Stock ($0.01 par value per share),$25.79,0.04,0.155%,,,,243,,
BRN,Barnwell Industries Inc. Common Stock,$3.54,-0.16,-4.324%,29301146.00,United States,,179490,Energy,Oil & Gas Production
BTG,B2Gold Corp Common shares (Canada),$4.84,-0.12,-2.419%,5084866142.00,Canada,,9883733,Basic Industries,Precious Metals
BTN,Ballantyne Strong Inc. Common Stock,$2.94,-0.06,-2.00%,53517326.00,United States,,429009,Miscellaneous,Industrial Machinery/Components
BWL/A,Bowl America Inc.,$10.45,-0.27,-2.519%,,United States,,1176,,
CANF,Can-Fite Biopharma Ltd Sponsored ADR (Israel),$2.50,-0.13,-4.943%,38534955.00,Israel,,605221,Health Care,Major Pharmaceuticals
CCF,Chase Corporation Common Stock,$106.16,-0.98,-0.915%,1002828869.00,United States,,10997,Consumer Durables,Building Products
CDOR,Condor Hospitality Trust Inc. Common Stock,$5.18,-0.09,-1.708%,62238296.00,United States,,14664,Consumer Services,Real Estate Investment Trusts
CEI,Camber Energy Inc. Common Stock,$2.03,-0.15,-6.881%,50750000.00,United States,,5010060,Energy,Oil & Gas Production
CET,Central Securities Corporation Common Stock,$36.34,-0.01,-0.028%,953576245.00,United States,,12666,,
CEV,Eaton Vance California Municipal Income Trust Shares of Beneficial Interest,$13.60,0.00,0.00%,97016620.00,United States,1999,16196,,
CHAQ,Chardan Healthcare Acquisition 2 Corp. Common Stock,$10.70,-0.06,-0.558%,115327864.00,,2020,16112,Finance,Business Services
CHFW,Consonance-HFW Acquisition Corp. Class A Ordinary Shares,$10.6399,-0.0101,-0.095%,126976567.00,,2021,18674,,
CIK,Credit Suisse Asset Management Income Fund Inc. Common Stock,$3.34,0.07,2.141%,174698463.00,United States,,3463895,,
CIX,CompX International Inc. Common Stock,$14.41,0.29,2.054%,179421172.00,United States,1998,1456,Capital Goods,Industrial Machinery/Components
CKX,CKX Lands Inc. Common Stock,$10.99,0.00,0.00%,21348020.00,United States,,199,Energy,Oil & Gas Production
CLM,Cornerstone Strategic Value Fund Inc. New Common Stock,$13.09,-0.05,-0.381%,996424191.00,United States,1987,708881,,
CMCL,Caledonia Mining Corporation Plc Common Shares,$15.48,-0.32,-2.025%,187599380.00,Canada,,42333,Basic Industries,Precious Metals
CMT,Core Molding Technologies Inc Common Stock,$13.25,0.55,4.331%,105627317.00,United States,,29795,Consumer Non-Durables,Plastic Products
COHN,Cohen & Company Inc.,$20.19,-1.30,-6.049%,26939860.00,United States,,25263,Finance,Investment Bankers/Brokers/Service
CPHI,China Pharma Holdings Inc. Common Stock,$1.28,0.05,4.065%,58341833.00,China,,2365605,Health Care,Major Pharmaceuticals
CQP,Cheniere Energy Partners LP Cheniere Energy Partners LP Common Units,$40.79,0.44,1.09%,19743160422.00,United States,2007,148065,Public Utilities,Oil/Gas Transmission
CRF,Cornerstone Total Return Fund Inc. (The) Common Stock,$12.79,0.06,0.471%,514622789.00,United States,,292267,,
CRHM,CRH Medical Corporation Common Shares of Beneficial Interest,$3.86,0.00,0.00%,275654504.00,,2015,826092,Health Care,Medical/Nursing Services
CTEK,CynergisTek Inc. Common Stock,$2.85,0.28,10.895%,30358340.00,United States,2017,279660,Miscellaneous,Business Services
CVM,Cel-Sci Corporation Common Stock,$20.36,-0.92,-4.323%,825176100.00,United States,,885699,Health Care,Biotechnology: Biological Products (No Diagnostic Substances)
CVR,Chicago Rivet & Machine Co. Common Stock,$26.30,0.0472,0.18%,25409272.00,United States,,7100,Technology,Industrial Machinery/Components
CVU,CPI Aerostructures Inc. Common Stock,$4.84,-0.20,-3.968%,57844152.00,United States,,48956,Capital Goods,Military/Government/Technical
DHY,Credit Suisse High Yield Bond Fund Common Stock,$2.37,0.03,1.282%,245312543.00,United States,1998,5307446,,
DIT,AMCON Distributing Company Common Stock,$104.00,-4.18,-3.864%,57342376.00,United States,,328,Consumer Non-Durables,Food Distributors
DLA,Delta Apparel Inc. Common Stock,$27.39,-0.21,-0.761%,191035937.00,United States,,23532,Consumer Non-Durables,Apparel
DMF,BNY Mellon Municipal Income Inc. Common Stock,$8.88,-0.07,-0.782%,184267086.00,United States,1988,34311,,
DNN,Denison Mines Corp Ordinary Shares (Canada),$1.51,0.02,1.342%,1024912225.00,Canada,,181830022,Basic Industries,Precious Metals
DPW,Ault Global Holdings Inc. Common Stock,$7.84,1.60,25.641%,217587926.00,United States,,43753764,Capital Goods,Industrial Machinery/Components
DSS,Document Security Systems Inc. Common Stock,$4.44,0.03,0.68%,122855355.00,United States,,7267690,Consumer Durables,Containers/Packaging
DXF,Dunxin Financial Holdings Limited American Depositary Shares,$1.96,0.1686,9.412%,40914743.00,China,,1477356,Finance,Finance: Consumer Services
DXR,Daxor Corporation Common Stock,$13.3586,-0.2414,-1.775%,53617546.00,United States,,1116,Health Care,Medical/Dental Instruments
EAD,Wells Fargo Income Opportunities Fund Common Shares,$8.29,0.00,0.00%,502259714.00,United States,2003,141700,,
ECF,Ellsworth Growth and Income Fund Ltd.,$16.91,-0.14,-0.821%,223297514.00,United States,1986,71431,,
ECF^A,Ellsworth Growth and Income Fund Ltd. 5.25% Series A Cumulative Preferred Shares (Liquidation Preference $25.00 per share),$26.30,0.045,0.171%,,United States,,868,,
EIM,Eaton Vance Municipal Bond Fund Common Shares of Beneficial Interest $.01 par value,$13.55,-0.01,-0.074%,974965643.00,United States,2002,102222,,
ELA,Envela Corporation Common Stock,$6.35,-0.22,-3.349%,170969819.00,United States,,49754,Consumer Services,Consumer Specialties
ELLO,Ellomay Capital Ltd Ordinary Shares (Israel),$34.96,-0.04,-0.114%,442317206.00,Israel,,1153,Public Utilities,Electric Utilities: Central
ELMD,Electromed Inc. Common Stock,$11.13,-0.26,-2.283%,96108051.00,United States,2011,42318,Health Care,Biotechnology: Electromedical & Electrotherapeutic Apparatus
EMAN,eMagin Corporation Common Stock,$4.53,-0.08,-1.735%,305773197.00,United States,,5221651,Technology,Semiconductors
EMX,EMX Royalty Corporation Common Shares (Canada),$3.42,-0.23,-6.301%,288434113.00,Canada,,408549,Basic Industries,Precious Metals
ENSV,Enservco Corporation Common Stock,$2.73,-0.04,-1.444%,28035590.00,United States,,1063743,Energy,Oilfield Services/Equipment
ENX,Eaton Vance New York Municipal Bond Fund Common Shares of Beneficial Interest $.01 par value,$12.27,0.00,0.00%,222311467.00,United States,2002,20948,,
EPM,Evolution Petroleum Corporation Inc. Common Stock,$3.61,-0.08,-2.168%,120900886.00,United States,,137394,Energy,Oil & Gas Production
EQX,Equinox Gold Corp. Common Shares,$9.20,-0.23,-2.439%,2225205601.00,Canada,,1805120,Basic Industries,Precious Metals
ERC,Wells Fargo Multi-Sector Income Fund Common Stock no par value,$12.48,-0.01,-0.08%,351088458.00,United States,2003,66956,,
ERH,Wells Fargo Utilities and High Income Fund,$12.85,0.06,0.469%,119184585.00,,2004,20356,,
ESP,Espey Mfg. & Electronics Corp. Common Stock,$19.6087,-0.9413,-4.581%,52995120.00,United States,,11210,Capital Goods,Industrial Machinery/Components
EVBN,Evans Bancorp Inc. Common Stock,$28.70,-0.50,-1.712%,154524789.00,United States,,11731,Finance,Major Banks
EVI,EVI Industries Inc.  Common Stock,$36.03,-3.25,-8.274%,441417546.00,United States,,54658,Consumer Services,Other Consumer Services
EVM,Eaton Vance California Municipal Bond Fund Common Shares of Beneficial Interest $.01 par value,$11.60,-0.01,-0.086%,289934332.00,United States,2002,80641,,
EVV,Eaton Vance Limited Duration Income Fund Common Shares of Beneficial Interest,$12.59,0.03,0.239%,1462290957.00,United States,2003,389497,,
EVY,Eaton Vance New York Municipal Income Trust Shares of Beneficial Interest,$13.95,0.04,0.288%,75355501.00,United States,1999,9097,,
EXN,Excellon Resources Inc. Common Shares,$3.14,-0.16,-4.848%,100696660.00,,2020,105490,Basic Industries,Precious Metals
FAX,Aberdeen Asia-Pacific Income Fund Inc Common Stock,$4.52,-0.02,-0.441%,1119584876.00,United States,1986,712516,,
FCO,Aberdeen Global Income Fund Inc. Common Stock,$8.55,0.18,2.151%,74649588.00,United States,1992,155543,,
FEN,First Trust Energy Income and Growth Fund,$12.16,0.03,0.247%,240412502.00,United States,2004,106141,,
FRD,Friedman Industries Inc. Common Stock,$7.54,-0.18,-2.332%,53111262.00,United States,,4498,Capital Goods,Steel/Iron Ore
FSI,Flexible Solutions International Inc. Common Stock (CDA),$4.12,-0.18,-4.186%,50431045.00,Canada,,124180,Basic Industries,Major Chemicals
FSP,Franklin Street Properties Corp. Common Stock,$4.15,-0.13,-3.037%,445412026.00,United States,,530892,Consumer Services,Real Estate Investment Trusts
FTF,Franklin Limited Duration Income Trust Common Shares of Beneficial Interest,$9.48,-0.01,-0.105%,285716156.00,United States,2003,68687,,
FTSI,FTS International Inc. Class A Common Stock,$19.46,0.32,1.672%,272438560.00,United States,2020,59203,Energy,Oilfield Services/Equipment
FURY,Fury Gold Mines Limited Common Shares,$1.57,-0.08,-4.848%,184983455.00,,2020,981020,Basic Industries,Precious Metals
GAU,Galiano Gold Inc.,$1.23,-0.06,-4.651%,275801082.00,Canada,,1700048,Basic Industries,Mining & Quarrying of Nonmetallic Minerals (No Fuels)
GBR,New Concept Energy Inc Common Stock,$6.89,-0.58,-7.764%,35359032.00,United States,,836900,Energy,Oil & Gas Production
GDP,Goodrich Petroleum Corporation Common Stock,$10.62,-0.01,-0.094%,134404437.00,United States,2017,66626,Energy,Oil & Gas Production
GGN,GAMCO Global Gold Natural Resources & Income Trust,$3.48,-0.02,-0.571%,573891954.00,United States,2005,997372,,
GGN^B,GAMCO Global Gold Natural Reources & Income Trust 5.00% Series B Cumulative 25.00 Liquidation Preference,$25.35,-0.05,-0.197%,,United States,,9328,,
GGO,The Gabelli Go Anywhere Trust Common Shares of Beneficial Interest,$14.095,0.00,0.00%,21843402.00,,2016,49,,
GGO^A,The Gabelli Go Anywhere Trust Series A Cumulative Puttable and Callable Preferred Shares,$41.0043,0.00,0.00%,,,,50,,
GLDG,GoldMining Inc. Common Shares,$1.67,-0.04,-2.339%,246540754.00,,,738700,Basic Industries,Precious Metals
GLO,Clough Global Opportunities Fund Common Stock,$12.80,-0.15,-1.158%,412472474.00,United States,2006,184322,,
GLQ,Clough Global Equity Fund Clough Global Equity Fund Common Shares of Beneficial Interest,$16.15,-0.09,-0.554%,213677888.00,United States,2005,67067,,
GLU,Gabelli Global Utility Common Shares of Beneficial Ownership,$19.28,0.17,0.89%,103602584.00,United States,2004,5581,,
GLU^A,The Gabelli Global Utility and Income Trust Series A Cumulative Puttable and Callable Preferred Shares,$46.52,0.00,0.00%,,United States,,98,,
GLU^B,The Gabelli Global Utility and Income Trust Series B Cumulative Puttable and Callable Preferred Shares,$52.07,0.316,0.611%,,United States,,2142,,
GLV,Clough Global Dividend and Income Fund Common Shares of beneficial interest,$11.25,-0.13,-1.142%,94586895.00,United States,2004,53283,,
GOED,1847 Goedeker Inc. Commom Stock,$12.40,-0.13,-1.038%,75778880.00,United States,2020,34276,Consumer Services,Home Furnishings
GORO,Gold Resource Corporation Common Stock,$2.88,-0.06,-2.041%,206973204.00,United States,,981886,Basic Industries,Precious Metals
GPL,Great Panther Mining Limited Ordinary Shares (Canada),$1.03,-0.01,-0.962%,365369653.00,Canada,,4691364,Basic Industries,Precious Metals
GRF,Eagle Capital Growth Fund Inc. Common Stock,$7.92,0.12,1.538%,32268622.00,United States,,18494,,
GSAT,Globalstar Inc. Common Stock,$2.57,0.24,10.30%,4292941557.00,United States,2006,88325989,Consumer Services,Telecommunications Equipment
GSS,Golden Star Resources Ltd Common Stock,$3.36,-0.12,-3.448%,373836426.00,United States,,805155,Basic Industries,Precious Metals
GSV,Gold Standard Ventures Corporation Common Stock (Canada),$0.8129,-0.0735,-8.292%,258714534.00,Canada,,20265680,Basic Industries,Mining & Quarrying of Nonmetallic Minerals (No Fuels)
GTE,Gran Tierra Energy Inc. Common Stock,$1.00,-0.08,-7.407%,366981556.00,Canada,,26627703,Energy,Oil & Gas Production
HLM^,Hillman Group Capital Trust Preferred Stock,$25.5973,0.0789,0.309%,,United States,,11472,,
HMG,HMG/Courtland Properties Inc. Common Stock,$12.70,0.00,0.00%,12792050.00,United States,,8,Consumer Services,Real Estate Investment Trusts
HNW,Pioneer Diversified High Income Trust Pioneer Diversified High Income Trust Common Shares of Beneficial Interest,$14.75,-0.14,-0.94%,122908653.00,United States,2007,23706,,
HUSA,Houston American Energy Corporation Common Stock,$3.05,-0.19,-5.864%,27713026.00,United States,,1551312,Energy,Oil & Gas Production
HWM^,Howmet Aerospace Inc. $3.75 Preferred Stock,$78.60,0.00,0.00%,,United States,,41,,
IAF,Aberdeen Australia Equity Fund Inc Common Stock,$5.61,-0.04,-0.708%,129739671.00,United States,,110456,,
IBIO,iBio Inc. Common Stock,$2.05,-0.28,-12.017%,442820359.00,United States,,24077982,Health Care,Major Pharmaceuticals
ID,PARTS iD Inc. Class A Common Stock,$8.92,-0.33,-3.568%,293231245.00,United States,2017,53315,Technology,Advertising
IGC,India Globalization Capital Inc. Common Stock,$2.02,-0.24,-10.619%,86424417.00,United States,,3879073,Technology,Electronic Components
IHT,InnSuites Hospitality Trust Shares of Beneficial Interest,$2.97,-0.0199,-0.666%,27544448.00,United States,,13995,Consumer Services,Real Estate Investment Trusts
IMH,Impac Mortgage Holdings Inc. Common Stock ,$3.29,-0.215,-6.134%,69846230.00,United States,1997,100989,Consumer Services,Real Estate Investment Trusts
IMO,Imperial Oil Limited Common Stock,$21.02,0.03,0.143%,15430293390.00,Canada,,362698,Energy,Integrated oil Companies
INDO,Indonesia Energy Corporation Limited Ordinary Shares,$7.6327,-0.1673,-2.145%,56542698.00,,2019,19304,Energy,Oil & Gas Production
INFU,InfuSystems Holdings Inc. Common Stock,$19.04,-0.65,-3.301%,385311185.00,United States,,54233,Health Care,Medical/Dental Instruments
INS,Intelligent Systems Corporation Common Stock,$38.40,-0.60,-1.538%,341214605.00,United States,1992,131032,Technology,Computer Software: Prepackaged Software
INTT,inTest Corporation Common Stock,$8.81,-0.06,-0.676%,92761574.00,United States,1997,128875,Capital Goods,Electrical Products
INUV,Inuvo Inc.,$1.46,-0.07,-4.575%,173032840.00,United States,,6489260,Consumer Services,Advertising
IOR,Income Opportunity Realty Investors Inc. Common Stock,$12.88,0.00,0.00%,53686596.00,United States,,216,Consumer Services,Real Estate Investment Trusts
ISDR,Issuer Direct Corporation Common Stock,$22.50,-0.795,-3.413%,84189420.00,United States,,6753,Miscellaneous,Publishing
ISR,IsoRay Inc. Common Stock (DE),$1.70,-0.07,-3.955%,240039750.00,United States,,7308716,Health Care,Medical/Dental Instruments
ITP,IT Tech Packaging Inc. Common Stock,$1.29,-0.15,-10.417%,70585748.00,China,,18342938,Consumer Durables,Containers/Packaging
ITRG,Integra Resources Corp. Common Shares,$3.38,-0.07,-2.029%,184575638.00,,,65472,Basic Industries,Precious Metals
JOB,GEE Group Inc. Common Stock,$1.88,0.14,8.046%,33214191.00,United States,,446921,Technology,Diversified Commercial Services
KIQ,Kelso Technologies Inc Ordinary Shares,$1.19,-0.03,-2.459%,56132402.00,Canada,,2173702,Capital Goods,Railroads
KLR,Kaleyra Inc. Common Stock,$15.30,-0.70,-4.375%,448681389.00,United States,2018,420174,Technology,EDP Services
LCTX,Lineage Cell Therapeutics Inc. Common Stock,$3.10,0.02,0.649%,464942176.00,United States,,2417257,Health Care,Biotechnology: Biological Products (No Diagnostic Substances)
LEU,Centrus Energy Corp. Class A Common Stock,$25.30,0.01,0.04%,310460475.00,United States,2014,113341,Basic Industries,Mining & Quarrying of Nonmetallic Minerals (No Fuels)
LGL,LGL Group Inc. (The) Common Stock,$11.25,0.13,1.169%,59167643.00,United States,,4258,Capital Goods,Industrial Machinery/Components
LNG,Cheniere Energy Inc. Common Stock,$69.29,0.69,1.006%,17480066499.00,United States,,890230,Public Utilities,Oil/Gas Transmission
LODE,Comstock Mining Inc. Common Stock,$5.79,3.54,157.333%,202538635.00,United States,,204564568,Basic Industries,Precious Metals
LOV,Spark Networks Inc. American Depositary Shares (each representing one-tenth of an Ordinary Share),$6.96,-0.40,-5.435%,181355885.00,United States,2017,140998,Consumer Services,Other Consumer Services
LSF,Laird Superfood Inc. Common Stock,$47.00,-1.33,-2.752%,417119830.00,,2020,46498,Consumer Non-Durables,Packaged Foods
LXFR,Luxfer Holdings PLC Ordinary Shares,$18.44,-0.09,-0.486%,509351506.00,United Kingdom,2012,90859,Basic Industries,Major Chemicals
MAG,MAG Silver Corporation Ordinary Shares,$19.61,-0.29,-1.457%,1857915760.00,Canada,,564409,Basic Industries,Precious Metals
MCF,Contango Oil & Gas Company Common Stock (TX),$5.15,0.08,1.578%,894491264.00,United States,,1591350,Energy,Oil & Gas Production
MHH,Mastech Digital Inc Common Stock,$15.60,0.00,0.00%,177524084.00,United States,,20727,Consumer Services,Professional Services
MLSS,Milestone Scientific Inc. Common Stock,$3.69,-0.19,-4.897%,235028901.00,United States,2015,550450,Health Care,Industrial Specialties
MMX,Maverix Metals Inc. Common Shares,$4.99,-0.20,-3.854%,701036662.00,,,407111,Basic Industries,Precious Metals
MSN,Emerson Radio Corporation Common Stock,$1.91,0.04,2.139%,40191465.00,United States,,957888,Consumer Non-Durables,Consumer Electronics/Appliances
MTA,Metalla Royalty & Streaming Ltd. Common Shares,$9.48,-0.37,-3.756%,375560780.00,,,330108,Basic Industries,Precious Metals
MTNB,Matinas Biopharma Holdings Inc. Common Stock,$1.40,-0.13,-8.497%,279498461.00,United States,2017,4666578,Health Care,Major Pharmaceuticals
MXC,Mexco Energy Corporation Common Stock,$10.1554,-0.1846,-1.785%,21038597.00,United States,,34364,Energy,Oil & Gas Production
MYO,Myomo Inc. Common Stock,$17.04,-1.10,-6.064%,78073668.00,United States,2017,416727,Health Care,Industrial Specialties
NAK,Northern Dynasty Minerals Ltd. Common Stock,$0.86,-0.0617,-6.694%,437780103.00,Canada,,36940276,Basic Industries,Precious Metals
NAVB,Navidea Biopharmaceuticals Inc. Common Stock,$2.49,0.00,0.00%,69681826.00,United States,,268942,Health Care,Biotechnology: In Vitro & In Vivo Diagnostic Substances
NBA,New Beginnings Acquisition Corp. Common Stock,$10.463,-0.107,-1.012%,156107960.00,,2020,13649,Finance,Business Services
NBH,Neuberger Berman Municipal Fund Inc. Common Stock,$16.07,-0.19,-1.169%,302406803.00,United States,2002,57504,,
NBO,Neuberger Berman New York Municipal Fund Inc. Common Stock,$12.52,0.00,0.00%,63569261.00,United States,2002,25739,,
NBW,Neuberger Berman California Municipal Fund Inc Common Stock,$13.55,-0.08,-0.587%,75216646.00,United States,2002,19986,,
NBY,NovaBay Pharmaceuticals Inc. Common Stock,$1.38,0.19,15.966%,57659966.00,United States,2007,19562031,Health Care,Major Pharmaceuticals
NEN,New England Realty Associates Limited Partnership Class A Depositary Receipts Evidencing Units of Limited Partnership,$51.0757,0.00,0.00%,186564005.00,United States,,131,Consumer Services,Building operators
NES,Nuverra Environmental Solutions Inc. Common Stock,$3.13,-0.12,-3.692%,49367675.00,United States,2017,65746,Energy,Oilfield Services/Equipment
NG,Novagold Resources Inc.,$9.10,0.08,0.887%,3015017642.00,Canada,,1407591,Basic Industries,Precious Metals
NGD,New Gold Inc.,$1.63,-0.09,-5.233%,1102532000.00,Canada,,9535503,Basic Industries,Precious Metals
NHC,National HealthCare Corporation Common Stock,$65.44,1.62,2.538%,1005124895.00,United States,,16218,Health Care,Hospital/Nursing Management
NHS,Neuberger Berman High Yield Strategies Fund,$12.15,-0.01,-0.082%,237418108.00,United States,,37115,,
NML,Neuberger Berman MLP and Energy Income Fund Inc. Common Stock,$3.92,0.00,0.00%,222102998.00,,2013,298747,,
NNVC,NanoViricides Inc. Common Stock,$5.39,-0.10,-1.821%,57484350.00,United States,,461307,Health Care,Major Pharmaceuticals
NOG,Northern Oil and Gas Inc. Common Stock,$11.92,-0.12,-0.997%,718572204.00,United States,,1005179,,
NRO,Neuberger Berman Real Estate Securities Income Fund Inc. Neuberger Berman Real Estate Securities Income Fund Inc.,$4.33,-0.01,-0.23%,205330336.00,United States,2003,224860,,
NSPR,InspireMD Inc. Common Stock,$1.15,-0.10,-8.00%,121005740.00,Israel,,14454102,Health Care,Medical/Dental Instruments
NTIP,Network-1 Technologies Inc. Common Stock,$3.61,-0.185,-4.875%,86759404.00,United States,,48923,Miscellaneous,Multi-Sector Companies
NTN,NTN Buzztime Inc. Common Stock,$5.51,-0.45,-7.55%,16344434.00,United States,,1675853,Health Care,Major Pharmaceuticals
NXE,Nexgen Energy Ltd. Common Shares,$3.74,-0.33,-8.108%,1412635658.00,,,2893133,Basic Industries,Precious Metals
OCX,OncoCyte Corporation Common Stock,$6.37,-0.13,-2.00%,558068120.00,United States,2015,925236,Health Care,Biotechnology: In Vitro & In Vivo Diagnostic Substances
OGEN,Oragenics Inc. Common Stock,$1.29,-0.10,-7.194%,140962874.00,United States,,10062119,Health Care,Major Pharmaceuticals
ORLA,Orla Mining Ltd. Common Shares,$3.78,-0.24,-5.97%,865491480.00,,2020,350081,Basic Industries,Precious Metals
PCG^A,Pacific Gas & Electric Co. 6% Preferred Stock,$29.26,0.00,0.00%,,United States,,2552,,
PCG^B,Pacific Gas & Electric Co. 5 1/2% Preferred Stock,$27.25,-0.07,-0.256%,,United States,,101,,
PCG^G,Pacific Gas & Electric Co. 4.80% 1st Preferred Stock,$25.00,0.76,3.135%,,United States,,573,,
PCG^H,Pacific Gas & Electric Co. 4.50% 1st Preferred Stock,$23.2601,0.00,0.00%,,United States,,117,,
PCG^I,Pacific Gas & Electric Co. 4.36% 1st Preferred Stock,$23.92,1.31,5.794%,,United States,,159,,
PED,Pedevco Corp. Common Stock,$1.82,-0.12,-6.186%,144614051.00,United States,,1181587,Energy,Oil & Gas Production
PHGE,BiomX Inc. COmmon Stock,$7.43,0.13,1.781%,172725596.00,,2019,40780,Health Care,Biotechnology: Biological Products (No Diagnostic Substances)
PLAG,Planet Green Holdings Corp. Common Stock,$3.35,0.21,6.688%,53358013.00,China,,175033,Consumer Non-Durables,Packaged Foods
PLG,Platinum Group Metals Ltd. Ordinary Shares (Canada),$5.24,-0.10,-1.873%,378379226.00,Canada,,1897682,Basic Industries,Precious Metals
PLM,Polymet Mining Corporation Ordinary Shares (Canada),$4.37,0.30,7.371%,440057759.00,Canada,,1965087,Basic Industries,Precious Metals
PLX,Protalix BioTherapeutics Inc. (DE) Common Stock,$4.74,-0.01,-0.211%,173639624.00,Israel,,1218877,Health Care,Biotechnology: Biological Products (No Diagnostic Substances)
PLYM^A,Plymouth Industrial REIT Inc. 7.50% Series A Cumulative Redeemable Preferred Stock,$26.25,-0.35,-1.316%,,United States,,250,,
PRK,Park National Corporation Common Stock,$118.88,0.05,0.042%,2095041617.00,United States,,24110,Finance,Major Banks
PTK,PTK Acquisition Corp. Common Stock,$10.23,-0.02,-0.195%,147056250.00,United States,2020,14471,Finance,Business Services
PTN,Palatin Technologies Inc. Common Stock,$0.9174,-0.2126,-18.814%,210911459.00,United States,,30551575,Health Care,Major Pharmaceuticals
PW,Power REIT (MD) Common Stock,$43.86,-4.71,-9.697%,144717517.00,United States,,67509,Consumer Services,Real Estate Investment Trusts
PW^A,Power REIT 7.75% Series A Cumulative Perpetual Preferred Stock,$25.96,-0.12,-0.46%,,United States,,142,,
PZG,Paramount Gold Nevada Corp. Common Stock,$1.25,0.04,3.306%,45283183.00,United States,2015,1763131,Basic Industries,Precious Metals
RCG,RENN Fund Inc Common Stock,$2.37,0.07,3.043%,14106136.00,United States,,52891,,
REI,Ring Energy Inc. Common Stock,$2.08,-0.04,-1.887%,169870688.00,United States,,3574687,Energy,Oil & Gas Production
RHE,Regional Health Properties Inc. Common Stock,$7.05,-0.13,-1.811%,11901944.00,,2017,237748,Consumer Services,Real Estate
RHE^A,Regional Health Properties Inc. 10.875% Series A Cumulative Redeemable Preferred Stock,$2.6955,-0.0045,-0.167%,,,,700,,
RLGT,Radiant Logistics Inc. Common Stock,$7.08,-0.19,-2.613%,353770176.00,United States,,215647,Transportation,Oil Refining/Marketing
RMED,Ra Medical Systems Inc. Common Stock,$8.97,0.23,2.632%,28915441.00,,2018,286470,Health Care,Medical/Dental Instruments
RVP,Retractable Technologies Inc. Common Stock,$19.54,0.48,2.518%,660776442.00,United States,,1390174,Health Care,Medical/Dental Instruments
SACC,Sachem Capital Corp. 6.875% Notes due 2024,$25.2166,-0.0034,-0.013%,0.00,United States,2019,3204,Consumer Services,Real Estate Investment Trusts
SACH,Sachem Capital Corp. Common Shares,$4.51,0.00,0.00%,99782853.00,United States,2017,213337,Consumer Services,Real Estate Investment Trusts
SCCB,Sachem Capital Corp. 7.125% Notes due 2024,$25.9669,0.0869,0.336%,0.00,United States,2019,748,Consumer Services,Real Estate Investment Trusts
SCCC,Sachem Capital Corp. 7.75% Notes due 2025,$25.59,-0.01,-0.039%,0.00,United States,2020,6673,Consumer Services,Real Estate Investment Trusts
SDPI,Superior Drilling Products Inc. Common Stock,$1.27,-0.13,-9.286%,32534207.00,,2014,1227637,Energy,Metal Fabrications
SEB,Seaboard Corporation Common Stock,$3185.04,19.95,0.63%,3697127546.00,United States,1996,626,Consumer Services,Farming/Seeds/Milling
SENS,Senseonics Holdings Inc. Common Stock,$4.76,-0.51,-9.677%,1772094602.00,United States,,67446708,Capital Goods,Industrial Machinery/Components
SIF,SIFCO Industries Inc. Common Stock,$9.34,-0.01,-0.107%,55659199.00,United States,,29894,Capital Goods,Aerospace
SILV,SilverCrest Metals Inc. Common Shares,$9.16,-0.18,-1.927%,1184850250.00,,2018,1617817,Basic Industries,Precious Metals
SIM,Grupo Simec S.A.B. de C.V. American Depositary Shares,$12.9901,-0.7058,-5.153%,2155097483.00,Mexico,1993,1068,Basic Industries,Steel/Iron Ore
SMTS,Sierra Metals Inc. Common Stock,$2.72,-0.25,-8.418%,442816000.00,,,1602343,Basic Industries,Precious Metals
SNMP,Sanchez Midstream Partners LP Common Stock,$1.60,-0.10,-5.882%,67565998.00,United States,,640381,Energy,Oil & Gas Production
SSY,SunLink Health Systems Inc. Common Stock,$2.35,0.02,0.858%,16213404.00,United States,,587349,Health Care,Hospital/Nursing Management
STXS,Stereotaxis Inc. Common Stock,$5.84,0.27,4.847%,430324073.00,United States,,236762,Health Care,Biotechnology: Electromedical & Electrotherapeutic Apparatus
SVM,Silvercorp Metals Inc. Common Shares,$6.08,-0.06,-0.977%,1066177929.00,,,1333623,Basic Industries,Precious Metals
SVT,Servotronics Inc. Common Stock,$9.225,-0.145,-1.547%,22955739.00,United States,,1458,Capital Goods,Industrial Machinery/Components
SYN,Synthetic Biologics Inc. Common Stock,$1.01,-0.02,-1.942%,67582965.00,United States,,31262481,Health Care,Major Pharmaceuticals
TGB,Taseko Mines Ltd. Common Stock,$1.69,-0.05,-2.874%,471855412.00,Canada,,3698149,Basic Industries,Precious Metals
TGC,Tengasco Inc. Common Stock,$3.60,-0.10,-2.703%,38466151.00,United States,,1547185,Energy,Oil & Gas Production
THM,International Tower Hill Mines Ltd. Ordinary Shares (Canada),$1.30,-0.03,-2.256%,253380639.00,Canada,,646906,Basic Industries,Precious Metals
TKAT,Takung Art Co. Ltd. Common Stock,$3.22,-0.05,-1.529%,36293840.00,,,75298,Consumer Services,Other Specialty Stores
TMBR,Timber Pharmaceuticals Inc. Common Stock,$2.46,-0.60,-19.608%,29148616.00,United States,2015,10205906,Health Care,Major Pharmaceuticals
TMP,Tompkins Financial Corporation Common Stock,$75.70,0.13,0.172%,1123353178.00,United States,,16538,Finance,Major Banks
TMQ,Trilogy Metals Inc. Common Stock,$2.51,-0.06,-2.335%,361906180.00,Canada,,689021,Basic Industries,Precious Metals
TPHS,Trinity Place Holdings Inc. Common Stock,$2.46,0.06,2.50%,79143383.00,,,40994,Consumer Services,Building operators
TRT,Trio-Tech International Common Stock,$4.98,-0.36,-6.742%,18478564.00,United States,,86334,Technology,Industrial Machinery/Components
TRX,Tanzanian Gold Corporation Common Stock,$0.84,-0.0401,-4.556%,210507557.00,Canada,,12294408,Basic Industries,Precious Metals
TRXC,TransEnterix Inc. Common Stock,$5.12,-0.92,-15.232%,1150598052.00,United States,,21287609,Health Care,Medical/Dental Instruments
UAMY,United States Antimony Corporation Common Stock,$1.68,0.00,0.00%,154240968.00,United States,,6548537,Capital Goods,Metal Fabrications
UAVS,AgEagle Aerial Systems Inc. Common Stock,$14.09,-0.73,-4.926%,828514164.00,United States,,4165398,Capital Goods,Aerospace
UEC,Uranium Energy Corp. Common Stock,$2.43,0.01,0.413%,483713144.00,Canada,,8807715,Basic Industries,Precious Metals
UFAB,Unique Fabricating Inc. Common Stock,$7.00,-0.08,-1.13%,68454029.00,United States,2015,16351,Capital Goods,Auto Parts:O.E.M.
URG,Ur Energy Inc Common Shares (Canada),$1.40,0.03,2.19%,261237483.00,Canada,,12904304,Basic Industries,Precious Metals
USAS,Americas Gold and Silver Corporation Common Shares no par value,$2.66,-0.05,-1.845%,341407156.00,,2017,983616,Basic Industries,Precious Metals
UTG,Reaves Utility Income Fund Common Shares of Beneficial Interest,$32.46,-0.04,-0.123%,1750774116.00,United States,2004,214639,,
UUU,Universal Security Instruments Inc. Common Stock,$8.60,-1.54,-15.187%,19890828.00,United States,,552923,Technology,Electronic Components
UUUU,Energy Fuels Inc Ordinary Shares (Canada),$6.01,-0.12,-1.958%,807085797.00,,,6613663,Basic Industries,Mining & Quarrying of Nonmetallic Minerals (No Fuels)
VCF,Delaware Investments Colorado Municipal Income Fund Inc  Common Stock,$14.38,-0.01,-0.069%,69557498.00,United States,1993,7921,,
VFL,Delaware Investments National Municipal Income Fund Common Stock,$13.41,-0.16,-1.179%,60726421.00,United States,1993,16171,,
VGZ,Vista Gold Corp Common Stock,$1.08,-0.05,-4.425%,110899480.00,United States,,928661,Basic Industries,Precious Metals
VHAQ,Viveon Health Acquisition Corp. Common Stock,$10.15,0.03,0.296%,255335938.00,,2021,168643,Finance,Business Services
VKI,Invesco Advantage Municipal Income Trust II Common Shares of Beneficial Interest (DE),$11.55,-0.02,-0.173%,512722414.00,United States,,91404,,
VMM,Delaware Investments Minnesota Municipal Income Fund II Inc. Common Stock,$13.31,-0.07,-0.523%,153131217.00,United States,1993,4418,,
VNRX,VolitionRX Limited Common Stock,$4.99,-0.11,-2.157%,263098499.00,Singapore,2015,702186,Health Care,Biotechnology: In Vitro & In Vivo Diagnostic Substances
VOLT,Volt Information Sciences Inc. Common Stock,$3.35,0.15,4.688%,72817526.00,United States,,277946,Technology,Professional Services
WRN,Western Copper and Gold Corporation Common Stock,$1.48,-0.02,-1.333%,200684500.00,Canada,2011,1014533,Basic Industries,Precious Metals
WTT,Wireless Telecom Group  Inc. Common Stock,$2.5071,-0.0629,-2.447%,54391560.00,United States,,185655,Capital Goods,Telecommunications Equipment
WYY,WidePoint Corporation Common Stock,$13.24,-0.32,-2.36%,111993638.00,United States,,226962,Technology,EDP Services
XPL,Solitario Zinc Corp. Common Stock,$1.22,0.20,19.608%,70892207.00,United States,,17987549,Basic Industries,Precious Metals
XTNT,Xtant Medical Holdings Inc. Common Stock,$2.29,0.33,16.837%,176011768.00,United States,,606935,Health Care,Biotechnology: Biological Products (No Diagnostic Substances)
XXII,22nd Century Group Inc. Common Stock,$4.13,0.01,0.243%,573488467.00,United States,,2931845,Consumer Non-Durables,Farming/Seeds/Milling
YCBD,cbdMD Inc. Common Stock,$4.35,-0.28,-6.048%,227448942.00,United States,2017,970049,Consumer Non-Durables,Package Goods/Cosmetics
YCBD^A,cbdMD Inc. 8.0% Series A Cumulative Convertible Preferred Stock,$9.12,0.02,0.22%,,United States,,10117,,
ZDGE,Zedge Inc. Class B Common Stock ,$12.75,-0.50,-3.774%,159678284.00,,2016,252825,Technology,Computer Software: Prepackaged Software
ZOM,Zomedica Corp. Common Shares,$2.32,-0.05,-2.11%,2164991146.00,United States,2017,121753345,Health Care,Major Pharmaceuticals
